Epoch,Inner_Test_AgChangeRatio,Inner_Train_AgChangeRatio,Loss_hdm,Loss_her,Loss_q,TestAgChangeRatio,TestBestSuccessRate,TestFinalDist,TestSuccessRate,Time,TimePerSeqRollout,TimePerTrainIter,TotalTimeSteps,TrainAgChangeRatio,TrainSuccess,env_steps,exp_avg_reward,exp_reward_avg,hdm_gamma,hdm_gamma_auto,hdm_gamma_zero_point,hdm_q_o1,hdm_q_o2,hdm_q_to_minimize,hdm_weights,log_hdm_gamma,offset,opt_steps,q_bg,q_o2_a2,q_o2_eps_greedy,q_o2_max,q_o2_soft,q_o2_soft_kl,q_o2_targ,q_targ,replay_fill_ratio,replay_size,reward
1,0.96306664,0.9798889,0.00041852688,0.045424916,0.045843445,0.96,0.06,3.249060958447202,0.06,312.0816538333893,4.3938017,0.006682947,144000,0.975,0.020833334,144000.0,0.4398035,0.48057738,0.85000014,0.9916747,1.0595348,-4.9047313,-4.8955054,-0.0012839988,-0.07198698,-0.16251895,119.692024,24000.0,-4.9047313,-4.166753,-4.1159825,-4.110277,-4.165075,-4.1662025,-4.166753,-4.905282,0.14405762,240.0,-0.8217145
2,0.9324,0.98825,-0.00062935124,0.12253272,0.12190336,0.94,0.06,3.8897883784184852,0.04,503.33945512771606,4.3314943,0.006589609,168000,0.975,0.125,168000.0,0.43967745,0.48039743,0.85000014,0.9916857,0.34707642,-12.409669,-12.458164,0.0025059604,-0.15624902,-0.16251895,119.84406,48000.0,-12.409669,-11.8246975,-11.691469,-11.678353,-11.794896,-11.802146,-11.8246975,-12.410203,0.16806723,280.0,-0.8219992
3,0.9975,0.97654164,0.00086363166,0.27301034,0.27387396,1.0,0.06,4.193106686633094,0.0,692.9610171318054,4.2974133,0.006537867,192000,0.975,0.1,192000.0,0.4395525,0.4802184,0.85000014,0.9916857,0.003785109,-19.421835,-19.592234,-0.015926478,-0.19645004,-0.16251895,119.83904,72000.0,-19.421835,-18.979918,-18.614698,-18.580622,-18.81796,-18.86696,-18.979918,-19.422602,0.19207683,320.0,-0.8222824
4,0.9964,0.989625,0.005294048,0.37989473,0.38518876,1.0,0.06,4.127577888703687,0.02,882.5759325027466,4.2915764,0.006530269,216000,0.975,0.175,216000.0,0.43959448,0.4802785,0.85000014,0.99168324,9.133789e-06,-26.010572,-26.226513,-0.03707466,-0.20675,-0.16251895,119.82062,96000.0,-26.010572,-25.703348,-25.241896,-25.197308,-25.464914,-25.544506,-25.703348,-26.011469,0.21608643,360.0,-0.82218736
5,0.9763333,0.968375,0.0077022025,0.38853067,0.3962329,0.98,0.06,3.6551001008793147,0.0,1070.89284658432,4.264129,0.006481569,240000,0.95,0.0,240000.0,0.4396189,0.4803147,0.85000014,0.9916818,1.2372804e-07,-31.053093,-31.214916,-0.028794838,-0.23244889,-0.16251895,119.7863,120000.0,-31.053093,-30.848688,-30.445208,-30.403244,-30.670628,-30.73905,-30.848688,-31.053844,0.24009603,400.0,-0.82213
6,0.94446665,0.99475,0.008145617,0.39916041,0.407306,0.94,0.06,3.2006295934683955,0.04,1258.7884335517883,4.2505836,0.00646201,264000,1.0,0.025,264000.0,0.4396554,0.4803684,0.85000014,0.9916789,8.975389e-09,-34.632896,-34.766964,-0.02227585,-0.25081298,-0.16251895,119.743095,144000.0,-34.632896,-34.501514,-34.137115,-34.097214,-34.36468,-34.424637,-34.501514,-34.633533,0.26410565,440.0,-0.8220451
7,0.9950333,0.98941666,0.005927262,0.40374434,0.40967163,1.0,0.06,3.1584013318665045,0.04,1445.6618897914886,4.2305036,0.0064431736,288000,0.975,0.05,288000.0,0.43971524,0.48045248,0.85000014,0.9916788,1.5271728e-09,-37.216972,-37.35093,-0.011598246,-0.24702214,-0.16251895,119.742645,168000.0,-37.216972,-37.138405,-36.791916,-36.753742,-37.018906,-37.072613,-37.138405,-37.217552,0.28811523,480.0,-0.8219121
8,0.9785333,0.9809167,0.0036313275,0.4268555,0.43048683,1.0,0.06,3.5480714876123374,0.04,1634.4756844043732,4.2764807,0.006506113,312000,0.975,0.05,312000.0,0.43963543,0.4803401,0.85000014,0.9916848,3.7029674e-10,-39.41155,-39.574642,-0.0039344127,-0.23022151,-0.16251895,119.82498,192000.0,-39.41155,-39.377556,-39.009407,-38.970478,-39.23547,-39.29214,-39.377556,-39.412094,0.31212485,520.0,-0.82208985
9,0.9902,0.953375,0.0033217457,0.4658966,0.46921834,1.0,0.06,3.104652286145008,0.06,1823.6605761051178,4.2845774,0.0065145264,336000,0.95,0.05,336000.0,0.43974996,0.48050195,0.85000014,0.9916762,1.2975403e-10,-41.30084,-41.47591,-0.0037077735,-0.2283392,-0.16251895,119.70529,216000.0,-41.30084,-41.305607,-40.920753,-40.879448,-41.149055,-41.213497,-41.305607,-41.301327,0.33613446,560.0,-0.82183385
10,0.9900333,0.98616666,0.0046658763,0.51882887,0.5234947,1.0,0.06,3.746716466043868,0.04,2010.1835379600525,4.2230787,0.0064225444,360000,1.0,0.025,360000.0,0.43965837,0.48037043,0.85000014,0.9916829,1.3284784e-10,-42.793102,-42.97248,-0.013150266,-0.23581901,-0.16251895,119.79862,240000.0,-42.793102,-42.828094,-42.407887,-42.36236,-42.645603,-42.721584,-42.828094,-42.793575,0.36014405,600.0,-0.8220418
11,0.9876,0.9924167,0.0070991972,0.59366477,0.600764,1.0,0.06,3.2841785718488565,0.06,2196.3265438079834,4.2150316,0.006404974,384000,1.0,0.05,384000.0,0.4395626,0.48023272,0.85000014,0.9916875,7.7329415e-10,-44.041172,-44.238407,-0.024192164,-0.23748942,-0.16251895,119.873184,264000.0,-44.041172,-44.10142,-43.641575,-43.59215,-43.886574,-43.97357,-44.10142,-44.041656,0.38415366,640.0,-0.8222598
12,0.9963667,0.97,0.010807302,0.6774432,0.6882505,1.0,0.06,3.2521630394545853,0.04,2383.0801219940186,4.2328234,0.006436986,408000,0.975,0.025,408000.0,0.43955538,0.48022026,0.85000014,0.99168324,6.4070007e-09,-45.109962,-45.29879,-0.037348576,-0.24511996,-0.16251895,119.80788,288000.0,-45.109962,-45.19201,-44.707813,-44.65411,-44.957363,-45.056942,-45.19201,-45.110447,0.40816328,680.0,-0.82227945
13,0.9900333,0.947,0.015494578,0.7468929,0.7623875,1.0,0.06,2.9686023841512053,0.06,2570.2012445926666,4.238902,0.006444481,432000,0.975,0.025,432000.0,0.43970677,0.48043793,0.85000014,0.99167556,3.0204422e-08,-45.93017,-46.11349,-0.050308064,-0.25541797,-0.16251895,119.70284,312000.0,-45.93017,-46.02927,-45.52539,-45.468334,-45.776,-45.88561,-46.02927,-45.930626,0.43217286,720.0,-0.82193506
14,0.97276664,0.9866667,0.019721853,0.76372206,0.7834439,0.98,0.06,3.770643618487974,0.02,2755.8474938869476,4.1991563,0.0063801636,456000,1.0,0.075,456000.0,0.4396598,0.4803693,0.85000014,0.9916794,1.496514e-07,-46.558937,-46.73629,-0.060463358,-0.25924397,-0.16251895,119.754654,336000.0,-46.558937,-46.67078,-46.169678,-46.111927,-46.41546,-46.527344,-46.67078,-46.559406,0.45618248,760.0,-0.8220436
15,0.98366666,0.9830833,0.019246936,0.74759537,0.7668423,0.98,0.06,3.0917060694082408,0.06,2943.174438714981,4.2449045,0.006450044,480000,1.0,0.025,480000.0,0.43957055,0.48024362,0.85000014,0.99168414,7.721868e-07,-47.021442,-47.19953,-0.04979359,-0.25277263,-0.16251895,119.82368,360000.0,-47.021442,-47.14255,-46.661835,-46.604584,-46.90078,-47.01255,-47.14255,-47.021942,0.48019207,800.0,-0.8222425
16,0.9984667,0.9899167,0.017886294,0.7239456,0.741832,1.0,0.06,4.197819118104196,0.04,3129.7546582221985,4.2282324,0.006428702,504000,1.0,0.075,504000.0,0.43964335,0.48034608,0.85000014,0.99168736,1.781528e-06,-47.39415,-47.56602,-0.039323565,-0.24824218,-0.16251895,119.876854,384000.0,-47.39415,-47.523037,-47.06484,-47.0084,-47.296734,-47.407505,-47.523037,-47.394657,0.5042017,840.0,-0.82208043
17,0.97896665,0.99475,0.014384019,0.68763715,0.7020212,1.0,0.06,3.858725016134618,0.0,3317.2622966766357,4.2532754,0.006469443,528000,1.0,0.05,528000.0,0.43958732,0.48026946,0.85000014,0.99168557,1.4648293e-06,-47.555202,-47.705444,-0.025592342,-0.24745134,-0.16251895,119.84427,408000.0,-47.555202,-47.687187,-47.275475,-47.223293,-47.500114,-47.597855,-47.687187,-47.555656,0.5282113,880.0,-0.82220167
18,0.9989667,0.99266666,0.011531319,0.6666789,0.6782102,1.0,0.08,3.326566046308404,0.08,3504.4698588848114,4.2396803,0.0064488663,552000,1.0,0.0,552000.0,0.43958414,0.48026234,0.85000014,0.99168444,1.5345153e-06,-47.424416,-47.562614,-0.020728739,-0.2442386,-0.16251895,119.82989,432000.0,-47.424416,-47.55373,-47.172874,-47.124077,-47.389515,-47.477573,-47.55373,-47.42487,0.5522209,920.0,-0.8222129
19,0.99826664,0.9977083,0.010197731,0.70756143,0.71775913,1.0,0.08,4.11107065817318,0.0,3692.5131690502167,4.259946,0.00648139,576000,1.0,0.075,576000.0,0.43953344,0.48019308,0.85000014,0.9916857,1.9616566e-06,-47.223236,-47.381287,-0.01621852,-0.23776741,-0.16251895,119.840836,456000.0,-47.223236,-47.348343,-46.956905,-46.907604,-47.172363,-47.262814,-47.348343,-47.2237,0.57623047,960.0,-0.8223224
20,0.97653335,0.9949167,0.011718839,0.7741236,0.7858424,0.98,0.08,3.1813550022634725,0.06,3879.6620256900787,4.2344217,0.0064383466,600000,1.0,0.025,600000.0,0.43948433,0.48011988,0.85000014,0.99169165,1.684803e-06,-47.308155,-47.490707,-0.027741246,-0.23245427,-0.16251895,119.92275,480000.0,-47.308155,-47.434875,-47.001514,-46.949,-47.217583,-47.31783,-47.434875,-47.30862,0.6002401,1000.0,-0.8224383
21,0.9955,0.98554164,0.017680138,0.7991458,0.816826,1.0,0.08,3.22661281091219,0.06,4068.3765799999237,4.264804,0.0064885607,624000,0.975,0.0,624000.0,0.43959734,0.48028085,0.85000014,0.99168044,6.3683706e-07,-47.514088,-47.681255,-0.044428326,-0.23266959,-0.16251895,119.76702,504000.0,-47.514088,-47.64527,-47.195137,-47.139458,-47.410126,-47.518505,-47.64527,-47.514553,0.6242497,1040.0,-0.8221836
22,0.96426666,0.981,0.018926984,0.82832927,0.8472562,0.96,0.08,3.472501652887961,0.02,4256.732932090759,4.2677455,0.006489535,648000,1.0,0.0,648000.0,0.43970633,0.48043612,0.85000014,0.9916843,8.6507015e-07,-47.548103,-47.69979,-0.049592745,-0.23543653,-0.16251895,119.81954,528000.0,-47.548103,-47.68023,-47.242077,-47.186626,-47.4587,-47.56294,-47.68023,-47.54857,0.6482593,1080.0,-0.821938
23,0.9647,0.99345833,0.018797254,0.8490813,0.86787856,0.96,0.08,3.514794727560787,0.02,4445.2715656757355,4.2518363,0.006468567,672000,1.0,0.05,672000.0,0.43954298,0.48020208,0.85000014,0.9916905,2.328844e-05,-47.380898,-47.531425,-0.041745067,-0.24207096,-0.16251895,119.92444,552000.0,-47.380898,-47.50921,-47.064163,-47.007473,-47.28811,-47.394833,-47.50921,-47.38134,0.6722689,1120.0,-0.82230824
24,0.9827667,0.96370834,0.013632065,0.8489102,0.86254233,0.98,0.08,3.6258701034184555,0.02,4633.871647357941,4.2732563,0.006497113,696000,0.975,0.05,696000.0,0.43962607,0.48032707,0.85000014,0.99168426,0.0010867296,-47.14627,-47.303978,-0.024924815,-0.2476766,-0.16251895,119.81948,576000.0,-47.14627,-47.27002,-46.82753,-46.771637,-47.058052,-47.164417,-47.27002,-47.14673,0.6962785,1160.0,-0.82211053
25,0.9727,0.99016666,0.009867416,0.91076124,0.92062867,0.98,0.08,3.692515958854182,0.0,4821.698174953461,4.2440248,0.006444627,720000,1.0,0.075,720000.0,0.4396643,0.480376,0.85000014,0.9916823,0.04599745,-47.181652,-47.37975,-0.019253667,-0.2437552,-0.16251895,119.793564,600000.0,-47.181652,-47.30621,-46.828037,-46.769592,-47.06528,-47.179573,-47.30621,-47.182125,0.7202881,1200.0,-0.82203305
26,0.9985333,0.984625,0.012100966,1.0020716,1.0141726,1.0,0.08,3.8779245189714406,0.0,5009.408726453781,4.236655,0.0064397557,744000,0.95,0.0,744000.0,0.43953565,0.48019394,0.85000014,0.99167866,0.21897522,-47.56746,-47.7711,-0.027979197,-0.25405127,-0.16251895,119.75102,624000.0,-47.56746,-47.69903,-47.18771,-47.12425,-47.435844,-47.562332,-47.69903,-47.567913,0.74429774,1240.0,-0.8223211
27,0.9591,0.9891667,0.017488329,1.0640788,1.081567,0.96,0.08,3.5442982664738802,0.0,5197.443059206009,4.258671,0.006473302,768000,1.0,0.05,768000.0,0.439583,0.4802628,0.85000014,0.99168986,0.27518097,-47.956493,-48.16575,-0.032924917,-0.26300162,-0.16251895,119.90166,648000.0,-47.956493,-48.095764,-47.559,-47.49203,-47.815884,-47.95073,-48.095764,-47.956955,0.7683073,1280.0,-0.8222122
28,0.9985667,0.959875,0.017068448,1.0556294,1.0726978,1.0,0.08,3.3412533851674944,0.04,5383.641562700272,4.2139916,0.0064061265,792000,0.95,0.025,792000.0,0.43962687,0.48032326,0.85000014,0.99168116,0.16223378,-48.174145,-48.356606,-0.02454523,-0.27144563,-0.16251895,119.77876,672000.0,-48.174145,-48.3187,-47.804573,-47.74008,-48.06608,-48.19176,-48.3187,-48.174625,0.7923169,1320.0,-0.82211655
29,0.99826664,1.0,0.01959849,1.0558636,1.0754621,1.0,0.08,3.404098065368268,0.0,5572.287178277969,4.265645,0.0064838664,816000,1.0,0.025,816000.0,0.43961844,0.4803147,0.85000014,0.99168897,0.03427038,-48.20234,-48.36847,-0.033616755,-0.27958578,-0.16251895,119.89086,696000.0,-48.20234,-48.34764,-47.848934,-47.785774,-48.108543,-48.229774,-48.34764,-48.202816,0.81632656,1360.0,-0.82213
30,0.9784333,0.9866667,0.025872426,1.0397378,1.0656102,0.98,0.08,2.9313763553607077,0.02,5760.114480495453,4.25223,0.0064655296,840000,1.0,0.025,840000.0,0.4396753,0.48039588,0.85000014,0.99167836,0.005101643,-47.864662,-47.984608,-0.03246256,-0.28689438,-0.16251895,119.74776,720000.0,-47.864662,-48.00315,-47.541344,-47.478825,-47.80523,-47.923645,-48.00315,-47.865093,0.84033614,1400.0,-0.82200164
31,0.98646665,0.99225,0.021342117,1.0514792,1.0728213,1.0,0.08,3.324485009272169,0.0,5947.866714000702,4.247697,0.0064606713,864000,1.0,0.0,864000.0,0.43965223,0.48036134,0.85000014,0.99168026,0.0019629826,-47.540028,-47.68551,-0.027198639,-0.2775345,-0.16251895,119.76516,744000.0,-47.540028,-47.67188,-47.190376,-47.1263,-47.454105,-47.57576,-47.67188,-47.5405,0.8643457,1440.0,-0.8220563
32,0.96143335,0.98854166,0.024627116,1.1299609,1.1545881,0.98,0.08,3.4980496884733907,0.0,6135.117102861404,4.2315702,0.006435439,888000,0.975,0.025,888000.0,0.4395626,0.48023063,0.85000014,0.99168557,0.0011155003,-47.52928,-47.695457,-0.03983422,-0.2644367,-0.16251895,119.84808,768000.0,-47.52928,-47.66068,-47.14479,-47.077217,-47.400948,-47.5342,-47.66068,-47.529728,0.8883553,1480.0,-0.822263
33,0.9977,0.97775,0.026961477,1.1701288,1.1970904,1.0,0.08,3.5817268202797243,0.0,6321.602011203766,4.213044,0.006400613,912000,0.975,0.075,912000.0,0.43963575,0.48033476,0.85000014,0.99168205,0.0036318505,-47.57479,-47.750458,-0.04926176,-0.25268912,-0.16251895,119.79579,792000.0,-47.57479,-47.707306,-47.171246,-47.101673,-47.42068,-47.558895,-47.707306,-47.57526,0.91236496,1520.0,-0.8220983
34,0.9995667,0.986625,0.030595858,1.2571882,1.2877841,1.0,0.08,3.83306961746313,0.06,6511.182681560516,4.258643,0.0064747427,936000,0.975,0.025,936000.0,0.43977168,0.48053312,0.85000014,0.9916741,0.025600595,-47.655712,-47.860615,-0.058506593,-0.24565397,-0.16251895,119.676315,816000.0,-47.655712,-47.79026,-47.209103,-47.134407,-47.453884,-47.604584,-47.79026,-47.65624,0.93637455,1560.0,-0.8217845
35,0.99126667,0.99633336,0.03389651,1.4165742,1.4504707,1.0,0.1,3.8175275709795162,0.1,6699.750470876694,4.260168,0.006473581,960000,1.0,0.05,960000.0,0.43959948,0.48028427,0.85000014,0.9916875,0.04573243,-47.994835,-48.23624,-0.075635284,-0.23855598,-0.16251895,119.87261,840000.0,-47.994835,-48.135925,-47.498474,-47.41801,-47.734478,-47.900234,-48.135925,-47.995384,0.96038413,1600.0,-0.82217824
36,0.99333334,0.9863333,0.041520815,1.6045653,1.6460862,1.0,0.1,3.805197035115756,0.02,6888.382943153381,4.2538366,0.006466848,984000,1.0,0.025,984000.0,0.439712,0.48044804,0.85000014,0.9916816,0.06282498,-48.54226,-48.78301,-0.10077289,-0.24215494,-0.16251895,119.78881,864000.0,-48.54226,-48.69483,-48.027885,-47.944103,-48.261772,-48.435562,-48.69483,-48.542854,0.9843938,1640.0,-0.8219191
37,0.9781333,0.995125,0.053483773,1.6800733,1.733557,0.98,0.1,3.617159266400226,0.0,7075.360872030258,4.2319813,0.0064338176,1008000,0.975,0.05,1008000.0,0.43968767,0.48041254,0.85000014,0.99168557,0.008752472,-48.880543,-49.093437,-0.117264934,-0.24933171,-0.16251895,119.84942,888000.0,-48.880543,-49.039974,-48.37641,-48.292313,-48.60868,-48.78222,-49.039974,-48.88115,1.0,1666.0,-0.82197523
